{
  "_fv": 79,
  "_type": "procedure",
  "definition": {
    "procedurexml": "<xml xmlns=\"https://developers.google.com/blockly/xml\"><block type=\"event_trigger\" deletable=\"false\" x=\"40\" y=\"40\"><field name=\"trigger\">player_ticks</field><next><block type=\"controls_if\"><value name=\"IF0\"><block type=\"math_binary_ops\"><field name=\"OP\">EQ</field><value name=\"A\"><block type=\"entity_get_attribute_base_value\"><field name=\"attribute\">CUSTOM:CurseOfNetherAttribute</field><value name=\"entity\"><block type=\"entity_from_deps\"></block></value></block></value><value name=\"B\"><block type=\"math_number\"><field name=\"NUM\">1</field></block></value></block></value><statement name=\"DO0\"><block type=\"entity_add_potion_advanced\"><field name=\"potion\">CUSTOM:CurseOfNether</field><value name=\"level\"><block type=\"math_number\"><field name=\"NUM\">0</field></block></value><value name=\"duration\"><block type=\"math_java_constants\"><field name=\"CONSTANT\">INFINITY</field></block></value><value name=\"ambient\"><block type=\"logic_boolean\"><field name=\"BOOL\">FALSE</field></block></value><value name=\"particles\"><block type=\"logic_boolean\"><field name=\"BOOL\">FALSE</field></block></value><value name=\"entity\"><block type=\"entity_from_deps\"></block></value></block></statement></block></next></block></xml>",
    "skipDependencyNullCheck": false
  }
}