{
  "_fv": 79,
  "_type": "potioneffect",
  "definition": {
    "effectName": "Curse Of Nether",
    "icon": "3",
    "color": {
      "value": -9363014,
      "falpha": 0.0
    },
    "particle": {
      "value": "CUSTOM:CurseOfNetherParticle"
    },
    "onAddedSound": {
      "value": "item.ominous_bottle.dispose"
    },
    "isInstant": false,
    "mobEffectCategory": "HARMFUL",
    "renderStatusInInventory": true,
    "renderStatusInHUD": true,
    "isCuredbyHoney": false,
    "modifiers": [],
    "onActiveTick": {
      "name": "CurseOfNetherKazhdyiTikVoVriemiaEffiekta"
    }
  }
}