{
  "_fv": 79,
  "_type": "procedure",
  "definition": {
    "procedurexml": "<xml xmlns=\"https://developers.google.com/blockly/xml\"><block type=\"event_trigger\" deletable=\"false\" x=\"40\" y=\"40\"><field name=\"trigger\">entity_ticks</field><next><block type=\"controls_if\"><value name=\"IF0\"><block type=\"compare_dimensionids\"><value name=\"a\"><block type=\"entity_dimension_id\"><value name=\"entity\"><block type=\"entity_from_deps\"></block></value></block></value><value name=\"b\"><block type=\"get_dimensionid\"><field name=\"dimension\">Surface</field></block></value></block></value><statement name=\"DO0\"><block type=\"controls_if\"><value name=\"IF0\"><block type=\"entity_haspotioneffect\"><field name=\"potion\">CUSTOM:CurseOfNether</field><value name=\"entity\"><block type=\"entity_from_deps\"></block></value></block></value><statement name=\"DO0\"><block type=\"entity_set_attribute_base_value\"><field name=\"attribute\">CUSTOM:CurseOfNetherAttribute</field><value name=\"entity\"><block type=\"entity_from_deps\"></block></value><value name=\"value\"><block type=\"math_number\"><field name=\"NUM\">0</field></block></value><next><block type=\"entity_remove_specific_potion_effect\"><field name=\"potion\">DARKNESS</field><value name=\"entity\"><block type=\"entity_from_deps\"></block></value><next><block type=\"entity_remove_specific_potion_effect\"><field name=\"potion\">HUNGER</field><value name=\"entity\"><block type=\"entity_from_deps\"></block></value><next><block type=\"entity_remove_specific_potion_effect\"><field name=\"potion\">MINING_FATIGUE</field><value name=\"entity\"><block type=\"entity_from_deps\"></block></value><next><block type=\"entity_remove_specific_potion_effect\"><field name=\"potion\">WEAKNESS</field><value name=\"entity\"><block type=\"entity_from_deps\"></block></value><next><block type=\"entity_remove_specific_potion_effect\"><field name=\"potion\">CUSTOM:CurseOfNether</field><value name=\"entity\"><block type=\"entity_from_deps\"></block></value></block></next></block></next></block></next></block></next></block></next></block></statement></block></statement><next><block type=\"controls_if\"><value name=\"IF0\"><block type=\"compare_dimensionids\"><value name=\"a\"><block type=\"entity_dimension_id\"><value name=\"entity\"><block type=\"entity_from_deps\"></block></value></block></value><value name=\"b\"><block type=\"get_dimensionid\"><field name=\"dimension\">Nether</field></block></value></block></value><statement name=\"DO0\"><block type=\"controls_if\"><value name=\"IF0\"><block type=\"entity_has_item_inventory\"><value name=\"entity\"><block type=\"entity_from_deps\"></block></value><value name=\"item\"><block type=\"mcitem_all\"><field name=\"value\">CUSTOM:ProtectiveAmulet</field></block></value></block></value><statement name=\"DO0\"><block type=\"controls_if\"><value name=\"IF0\"><block type=\"entity_haspotioneffect\"><field name=\"potion\">CUSTOM:CurseOfNether</field><value name=\"entity\"><block type=\"entity_from_deps\"></block></value></block></value><statement name=\"DO0\"><block type=\"entity_set_attribute_base_value\"><field name=\"attribute\">CUSTOM:CurseOfNetherAttribute</field><value name=\"entity\"><block type=\"entity_from_deps\"></block></value><value name=\"value\"><block type=\"math_number\"><field name=\"NUM\">0</field></block></value><next><block type=\"entity_remove_specific_potion_effect\"><field name=\"potion\">DARKNESS</field><value name=\"entity\"><block type=\"entity_from_deps\"></block></value><next><block type=\"entity_remove_specific_potion_effect\"><field name=\"potion\">HUNGER</field><value name=\"entity\"><block type=\"entity_from_deps\"></block></value><next><block type=\"entity_remove_specific_potion_effect\"><field name=\"potion\">MINING_FATIGUE</field><value name=\"entity\"><block type=\"entity_from_deps\"></block></value><next><block type=\"entity_remove_specific_potion_effect\"><field name=\"potion\">WEAKNESS</field><value name=\"entity\"><block type=\"entity_from_deps\"></block></value><next><block type=\"entity_remove_specific_potion_effect\"><field name=\"potion\">CUSTOM:CurseOfNether</field><value name=\"entity\"><block type=\"entity_from_deps\"></block></value></block></next></block></next></block></next></block></next></block></next></block></statement></block></statement></block></statement></block></next></block></next></block></xml>",
    "skipDependencyNullCheck": false
  }
}