{
  "_fv": 79,
  "_type": "block",
  "definition": {
    "texture": "minecraft:crying_obsidian",
    "textureTop": "minecraft:crying_obsidian",
    "textureLeft": "minecraft:crying_obsidian",
    "textureFront": "endier",
    "textureRight": "minecraft:crying_obsidian",
    "textureBack": "minecraft:crying_obsidian",
    "renderType": 10,
    "customModelName": "Normal",
    "rotationMode": 1,
    "enablePitch": false,
    "emissiveRendering": true,
    "displayFluidOverlay": false,
    "animations": [],
    "itemTexture": "",
    "particleTexture": "",
    "blockSetType": "OAK",
    "tintType": "No tint",
    "isItemTinted": false,
    "hasTransparency": false,
    "connectedSides": false,
    "transparencyType": "SOLID",
    "disableOffset": false,
    "boundingBoxes": [
      {
        "mx": 0.0,
        "my": 0.0,
        "mz": 0.0,
        "Mx": 16.0,
        "My": 16.0,
        "Mz": 16.0,
        "subtract": false
      }
    ],
    "customProperties": [],
    "name": "Obsidian Rune Spire",
    "specialInformation": {
      "fixedValue": []
    },
    "hardness": 50.0,
    "resistance": 1200.0,
    "hasGravity": false,
    "isWaterloggable": false,
    "hasBlockItem": true,
    "maxStackSize": 64,
    "rarity": "EPIC",
    "immuneToFire": true,
    "creativeTabs": [
      {
        "value": "BUILDING_BLOCKS"
      },
      {
        "value": "TRANSPORTATION"
      },
      {
        "value": "CUSTOM:NetherRemastered"
      }
    ],
    "destroyTool": "pickaxe",
    "customDrop": {
      "value": ""
    },
    "dropAmount": 1,
    "useLootTableForDrops": false,
    "requiresCorrectTool": true,
    "enchantPowerBonus": 0.0,
    "plantsGrowOn": false,
    "canRedstoneConnect": false,
    "lightOpacity": 15,
    "tickRate": 0,
    "tickRandomly": false,
    "isReplaceable": false,
    "canProvidePower": false,
    "emittedRedstonePower": {
      "fixedValue": 15.0
    },
    "colorOnMap": "BLACK_TERRACOTTA",
    "noteBlockInstrument": "basedrum",
    "creativePickItem": {
      "value": ""
    },
    "offsetType": "NONE",
    "aiPathNodeType": "DEFAULT",
    "ignitedByLava": false,
    "flammability": 0,
    "fireSpreadSpeed": 0,
    "isLadder": false,
    "slipperiness": 0.6,
    "speedFactor": 1.0,
    "jumpFactor": 1.0,
    "reactionToPushing": "NORMAL",
    "isNotColidable": false,
    "isCustomSoundType": false,
    "soundOnStep": {
      "value": "NETHERITE"
    },
    "breakSound": {
      "value": ""
    },
    "fallSound": {
      "value": ""
    },
    "hitSound": {
      "value": ""
    },
    "placeSound": {
      "value": ""
    },
    "stepSound": {
      "value": ""
    },
    "luminance": 1,
    "unbreakable": false,
    "vanillaToolTier": "DIAMOND",
    "isBonemealable": false,
    "sensitiveToVibration": false,
    "vibrationalEvents": [],
    "vibrationSensitivityRadius": {
      "fixedValue": 7.0
    },
    "hasInventory": false,
    "openGUIOnRightClick": false,
    "inventorySize": 9,
    "inventoryStackSize": 99,
    "inventoryDropWhenDestroyed": true,
    "inventoryComparatorPower": true,
    "inventoryOutSlotIDs": [],
    "inventoryInSlotIDs": [],
    "hasEnergyStorage": false,
    "energyInitial": 0,
    "energyCapacity": 400000,
    "energyMaxReceive": 200,
    "energyMaxExtract": 200,
    "isFluidTank": false,
    "fluidCapacity": 8000,
    "fluidRestrictions": [],
    "generateFeature": false,
    "restrictionBiomes": [],
    "blocksToReplace": [
      {
        "value": "TAG:stone_ore_replaceables"
      }
    ],
    "generationShape": "UNIFORM",
    "frequencyPerChunks": 10,
    "frequencyOnChunk": 16,
    "minGenerateHeight": 0,
    "maxGenerateHeight": 64
  }
}