{
  "_fv": 79,
  "_type": "recipe",
  "definition": {
    "recipeType": "Crafting",
    "recipeRetstackSize": 2,
    "group": "",
    "unlockingItems": [
      {
        "value": "CUSTOM:ObsidianRuneSpire"
      }
    ],
    "cookingBookCategory": "MISC",
    "xpReward": 0.0,
    "cookingTime": 200,
    "craftingBookCategory": "BUILDING",
    "recipeShapeless": true,
    "recipeSlots": [
      {
        "value": "CUSTOM:ObsidianRuneSpire"
      },
      {
        "value": "Items.AMETHYST_SHARD"
      },
      {
        "value": ""
      },
      {
        "value": ""
      },
      {
        "value": "Blocks.OBSIDIAN"
      },
      {
        "value": ""
      },
      {
        "value": ""
      },
      {
        "value": ""
      },
      {
        "value": ""
      }
    ],
    "recipeReturnStack": {
      "value": "CUSTOM:ObsidianRune"
    },
    "name": "obsidian_rune",
    "namespace": "mod"
  }
}