{
  "_fv": 79,
  "_type": "procedure",
  "definition": {
    "procedurexml": "<xml xmlns=\"https://developers.google.com/blockly/xml\"><block type=\"event_trigger\" deletable=\"false\" x=\"40\" y=\"40\"><field name=\"trigger\">no_ext_trigger</field><next><block type=\"controls_if\"><mutation elseif=\"1\"></mutation><value name=\"IF0\"><block type=\"compare_dimensionids\"><value name=\"a\"><block type=\"entity_dimension_id\"><value name=\"entity\"><block type=\"entity_from_deps\"></block></value></block></value><value name=\"b\"><block type=\"get_dimensionid\"><field name=\"dimension\">Nether</field></block></value></block></value><statement name=\"DO0\"><block type=\"item_nbt_logic_set\"><value name=\"tagName\"><block type=\"text\"><field name=\"TEXT\">Nether</field></block></value><value name=\"item\"><block type=\"itemstack_to_mcitem\"></block></value><value name=\"tagValue\"><block type=\"logic_boolean\"><field name=\"BOOL\">TRUE</field></block></value></block></statement><value name=\"IF1\"><block type=\"logic_negate\"><value name=\"BOOL\"><block type=\"compare_dimensionids\"><value name=\"a\"><block type=\"entity_dimension_id\"><value name=\"entity\"><block type=\"entity_from_deps\"></block></value></block></value><value name=\"b\"><block type=\"get_dimensionid\"><field name=\"dimension\">Nether</field></block></value></block></value></block></value><statement name=\"DO1\"><block type=\"item_nbt_logic_set\"><value name=\"tagName\"><block type=\"text\"><field name=\"TEXT\">Nether</field></block></value><value name=\"item\"><block type=\"itemstack_to_mcitem\"></block></value><value name=\"tagValue\"><block type=\"logic_boolean\"><field name=\"BOOL\">FALSE</field></block></value></block></statement></block></next></block><block type=\"provided_dimensionid\" x=\"208\" y=\"149\"></block><block type=\"provided_dimensionid\" x=\"250\" y=\"223\"></block></xml>",
    "skipDependencyNullCheck": false
  }
}