{
  "_fv": 79,
  "_type": "procedure",
  "definition": {
    "procedurexml": "<xml xmlns=\"https://developers.google.com/blockly/xml\"><block type=\"event_trigger\" deletable=\"false\" x=\"40\" y=\"40\"><field name=\"trigger\">no_ext_trigger</field><next><block type=\"controls_if\"><mutation elseif=\"1\"></mutation><value name=\"IF0\"><block type=\"logic_binary_ops\"><field name=\"OP\">EQ</field><value name=\"A\"><block type=\"item_nbt_logic_get\"><value name=\"tagName\"><block type=\"text\"><field name=\"TEXT\">Nether</field></block></value><value name=\"item\"><block type=\"itemstack_to_mcitem\"></block></value></block></value><value name=\"B\"><block type=\"logic_boolean\"><field name=\"BOOL\">TRUE</field></block></value></block></value><statement name=\"DO0\"><block type=\"return_number\"><value name=\"return\"><block type=\"math_number\"><field name=\"NUM\">1</field></block></value></block></statement><value name=\"IF1\"><block type=\"logic_binary_ops\"><field name=\"OP\">EQ</field><value name=\"A\"><block type=\"item_nbt_logic_get\"><value name=\"tagName\"><block type=\"text\"><field name=\"TEXT\">Nether</field></block></value><value name=\"item\"><block type=\"itemstack_to_mcitem\"></block></value></block></value><value name=\"B\"><block type=\"logic_boolean\"><field name=\"BOOL\">FALSE</field></block></value></block></value><statement name=\"DO1\"><block type=\"return_number\"><value name=\"return\"><block type=\"math_number\"><field name=\"NUM\">0</field></block></value></block></statement><next><block type=\"return_number\"><value name=\"return\"><block type=\"math_number\"><field name=\"NUM\">0</field></block></value></block></next></block></next></block></xml>",
    "skipDependencyNullCheck": false
  }
}