{
  "_fv": 79,
  "_type": "item",
  "definition": {
    "renderType": 0,
    "texture": "model",
    "customModelName": "Normal",
    "guiTexture": "",
    "customProperties": {
      "nether_active": {
        "name": "ProtectiveAmuletNetherActive"
      }
    },
    "states": [
      {
        "renderType": 0,
        "texture": "model",
        "customModelName": "Normal",
        "stateMap": [
          {
            "property": {
              "min": -1.7976931348623157E308,
              "max": 1.7976931348623157E308,
              "name": "CUSTOM:nether_active",
              "type": "number"
            },
            "value": 0.0
          }
        ]
      },
      {
        "renderType": 0,
        "texture": "model1",
        "customModelName": "Normal",
        "stateMap": [
          {
            "property": {
              "min": -1.7976931348623157E308,
              "max": 1.7976931348623157E308,
              "name": "CUSTOM:nether_active",
              "type": "number"
            },
            "value": 1.0
          }
        ]
      }
    ],
    "name": "Protective Amulet",
    "rarity": "EPIC",
    "creativeTabs": [
      {
        "value": "CUSTOM:NetherRemastered"
      },
      {
        "value": "TOOLS"
      }
    ],
    "stackSize": 1,
    "enchantability": 0,
    "useDuration": 0,
    "toolType": 1.0,
    "damageCount": 0,
    "recipeRemainder": {
      "value": ""
    },
    "destroyAnyBlock": false,
    "immuneToFire": false,
    "stayInGridWhenCrafting": false,
    "damageOnCrafting": false,
    "enableMeleeDamage": false,
    "damageVsEntity": 0.0,
    "specialInformation": {
      "fixedValue": []
    },
    "glowCondition": {
      "fixedValue": false
    },
    "inventorySize": 9,
    "inventoryStackSize": 99,
    "onItemInInventoryTick": {
      "name": "ProtectiveAmuletKazhdyiTikVInvientarie"
    },
    "enableRanged": false,
    "shootConstantly": false,
    "rangedItemChargesPower": false,
    "projectile": {
      "value": "Arrow"
    },
    "projectileDisableAmmoCheck": false,
    "isFood": false,
    "nutritionalValue": 4,
    "saturation": 0.3,
    "eatResultItem": {
      "value": ""
    },
    "isMeat": false,
    "isAlwaysEdible": false,
    "animation": "none",
    "isMusicDisc": false,
    "musicDiscMusic": {
      "value": ""
    },
    "musicDiscDescription": "",
    "musicDiscLengthInTicks": 100,
    "musicDiscAnalogOutput": 0,
    "providedBannerPatterns": []
  }
}